contractSymbol,lastTradeDate,strike,lastPrice,bid,ask,change,percentChange,volume,openInterest,impliedVolatility,inTheMoney,contractSize,currency
SNDK270319P00520000,2026-09-09 19:40:42+00:00,520.0,4.7,3.7,5.3,-0.9000001,-16.07143,3.0,105,0.8339860351562498,False,REGULAR,USD
SNDK270319P00530000,2026-09-08 19:56:24+00:00,530.0,6.1,4.0,6.0,0.0,0.0,6.0,112,0.8354813815307616,False,REGULAR,USD
SNDK270319P00540000,2026-09-08 19:58:31+00:00,540.0,6.45,3.9,6.6,0.0,0.0,8.0,51,0.8297136169433592,False,REGULAR,USD
SNDK270319P00550000,2026-09-02 13:37:22+00:00,550.0,7.58,3.0,9.0,0.0,0.0,1.0,134,0.8357560369873045,False,REGULAR,USD
SNDK270319P00560000,2026-08-26 15:56:23+00:00,560.0,12.25,3.8,9.5,0.0,0.0,26.0,13,0.8380753497314453,False,REGULAR,USD
SNDK270319P00570000,2026-08-11 13:46:45+00:00,570.0,41.0,3.7,10.3,0.0,0.0,2.0,5,0.833314655151367,False,REGULAR,USD
SNDK270319P00580000,2026-08-28 19:00:23+00:00,580.0,11.0,4.2,11.1,0.0,0.0,11.0,23,0.8342301733398436,False,REGULAR,USD
SNDK270319P00590000,2026-08-28 15:18:45+00:00,590.0,12.0,4.6,12.9,0.0,0.0,,1,0.842500354309082,False,REGULAR,USD
SNDK270319P00600000,2026-09-08 16:32:09+00:00,600.0,9.6,6.5,9.1,0.0,0.0,1.0,14,0.813356358642578,False,REGULAR,USD
SNDK270319P00610000,2026-08-24 17:16:29+00:00,610.0,20.2,5.7,12.2,0.0,0.0,3.0,4,0.8221148159790038,False,REGULAR,USD
SNDK270319P00620000,2026-09-01 18:31:29+00:00,620.0,11.18,6.1,13.2,0.0,0.0,9.0,7,0.8219622296142577,False,REGULAR,USD
SNDK270319P00630000,2026-09-01 15:35:58+00:00,630.0,11.6,6.2,13.3,0.0,0.0,8.0,19,0.8119525640869141,False,REGULAR,USD
SNDK270319P00640000,2026-09-04 15:45:10+00:00,640.0,10.8,7.2,14.0,0.0,0.0,5.0,31,0.813478427734375,False,REGULAR,USD
SNDK270319P00650000,2026-09-04 18:34:07+00:00,650.0,12.8,7.8,13.3,0.0,0.0,16.0,55,0.8013325531005859,False,REGULAR,USD
SNDK270319P00660000,2026-08-17 18:20:45+00:00,660.0,25.75,9.6,12.7,0.0,0.0,2.0,7,0.7987233262634277,False,REGULAR,USD
SNDK270319P00670000,2026-09-09 14:20:56+00:00,670.0,13.6,10.5,13.4,-0.6999998,-4.895104,1.0,88,0.7985249639892578,False,REGULAR,USD
SNDK270319P00680000,2026-09-03 14:15:41+00:00,680.0,17.45,10.5,14.7,0.0,0.0,1.0,82,0.795900478515625,False,REGULAR,USD
SNDK270319P00700000,2026-09-09 13:49:42+00:00,700.0,13.7,11.9,14.9,-2.340001,-14.588534,1.0,781,0.7838614143371583,False,REGULAR,USD
SNDK270319P00720000,2026-09-04 19:35:50+00:00,720.0,18.5,13.9,16.1,0.0,0.0,2.0,233,0.7807639111328125,False,REGULAR,USD
SNDK270319P00740000,2026-09-08 19:45:25+00:00,740.0,20.0,14.7,20.4,0.0,0.0,10.0,91,0.7861044338989257,False,REGULAR,USD
SNDK270319P00760000,2026-09-04 15:36:30+00:00,760.0,20.17,16.2,23.7,0.0,0.0,1.0,140,0.7875540043640137,False,REGULAR,USD
SNDK270319P00780000,2026-09-08 19:05:56+00:00,780.0,23.7,19.3,22.1,0.0,0.0,4.0,218,0.7729209719848633,False,REGULAR,USD
SNDK270319P00800000,2026-09-09 18:01:31+00:00,800.0,23.3,21.4,24.4,-2.7000008,-10.384618,35.0,632,0.7705406246948242,False,REGULAR,USD
SNDK270319P00820000,2026-09-09 13:55:11+00:00,820.0,26.62,23.7,26.5,-2.8799992,-9.762709,2.0,204,0.7670616555786134,False,REGULAR,USD
SNDK270319P00840000,2026-09-09 17:32:30+00:00,840.0,28.77,25.3,31.5,-2.33,-7.4919615,1.0,111,0.7705406246948242,False,REGULAR,USD
SNDK270319P00860000,2026-09-03 16:03:37+00:00,860.0,42.24,27.2,33.9,0.0,0.0,2.0,116,0.7645439805603027,False,REGULAR,USD
SNDK270319P00880000,2026-09-09 19:14:11+00:00,880.0,34.15,31.8,35.0,-4.8499985,-12.435893,1.0,38,0.7624230300903321,False,REGULAR,USD
SNDK270319P00900000,2026-09-09 13:58:46+00:00,900.0,38.16,36.3,38.3,-5.84,-13.272727,4.0,115,0.7656120851135255,False,REGULAR,USD
SNDK270319P00920000,2026-09-04 14:53:22+00:00,920.0,44.4,35.3,45.2,0.0,0.0,1.0,205,0.7619347537231446,False,REGULAR,USD
SNDK270319P00940000,2026-09-04 13:41:08+00:00,940.0,50.0,39.1,49.1,0.0,0.0,5.0,48,0.7623314782714845,False,REGULAR,USD
SNDK270319P00960000,2026-09-08 14:32:49+00:00,960.0,53.0,41.8,50.4,0.0,0.0,1.0,117,0.7521844850158692,False,REGULAR,USD
SNDK270319P00980000,2026-09-09 19:01:08+00:00,980.0,51.6,49.0,52.9,-5.3500023,-9.39421,5.0,257,0.7558312991333008,False,REGULAR,USD
SNDK270319P01000000,2026-09-09 19:01:08+00:00,1000.0,55.8,53.9,56.9,-5.299999,-8.674304,10.0,410,0.7562737995910647,False,REGULAR,USD
SNDK270319P01020000,2026-09-09 17:42:51+00:00,1020.0,61.17,56.1,62.5,-5.029999,-7.598186,1.0,152,0.7532831068420411,False,REGULAR,USD
SNDK270319P01040000,2026-09-08 17:22:28+00:00,1040.0,73.21,62.3,66.1,0.0,0.0,1.0,330,0.7538553057098388,False,REGULAR,USD
SNDK270319P01060000,2026-09-08 18:57:13+00:00,1060.0,75.85,66.5,71.0,0.0,0.0,2.0,68,0.7520624159240723,False,REGULAR,USD
SNDK270319P01080000,2026-09-09 19:07:09+00:00,1080.0,75.2,72.3,75.7,-6.470001,-7.9221272,37.0,173,0.7522760368347168,False,REGULAR,USD
SNDK270319P01100000,2026-09-09 18:58:32+00:00,1100.0,79.3,77.1,80.7,-7.1800003,-8.302497,4.0,241,0.7503305606842041,False,REGULAR,USD
SNDK270319P01110000,2026-09-08 18:58:23+00:00,1110.0,90.57,79.2,84.1,0.0,0.0,12.0,131,0.7502008622741698,False,REGULAR,USD
SNDK270319P01120000,2026-09-08 18:58:35+00:00,1120.0,92.8,82.6,86.3,0.0,0.0,4.0,128,0.7500635345458984,False,REGULAR,USD
SNDK270319P01130000,2026-08-31 15:25:09+00:00,1130.0,119.5,85.2,89.3,0.0,0.0,44.0,157,0.7497278445434571,False,REGULAR,USD
SNDK270319P01140000,2026-08-31 16:43:22+00:00,1140.0,130.2,88.0,92.2,0.0,0.0,2.0,32,0.7493845252227783,False,REGULAR,USD
SNDK270319P01150000,2026-09-09 15:44:03+00:00,1150.0,100.9,91.4,95.0,-4.0999985,-3.9047604,6.0,295,0.7497202152252198,False,REGULAR,USD
SNDK270319P01160000,2026-09-08 13:47:57+00:00,1160.0,103.7,94.2,98.1,0.0,0.0,2.0,75,0.7493540079498291,False,REGULAR,USD
SNDK270319P01170000,2026-09-08 19:09:47+00:00,1170.0,108.6,97.3,101.1,0.0,0.0,17.0,256,0.7491403870391847,False,REGULAR,USD
SNDK270319P01180000,2026-09-09 18:18:45+00:00,1180.0,102.4,99.8,104.7,-14.049995,-12.06526,5.0,164,0.7487512918090821,False,REGULAR,USD
SNDK270319P01190000,2026-09-09 16:49:24+00:00,1190.0,107.35,103.0,107.5,-7.6500015,-6.652175,10.0,90,0.7480341358947755,False,REGULAR,USD
SNDK270319P01200000,2026-09-09 16:49:24+00:00,1200.0,110.41,106.2,110.7,-6.3899994,-5.4708896,31.0,242,0.747797627029419,False,REGULAR,USD
SNDK270319P01210000,2026-08-31 19:50:00+00:00,1210.0,158.8,109.4,113.9,0.0,0.0,1.0,78,0.7473932731628419,False,REGULAR,USD
SNDK270319P01220000,2026-09-09 14:03:51+00:00,1220.0,116.0,112.8,117.2,-9.160004,-7.318635,2.0,46,0.7472902773666383,False,REGULAR,USD
SNDK270319P01230000,2026-08-31 18:00:15+00:00,1230.0,166.44,116.1,121.2,0.0,0.0,4.0,59,0.7479349547576905,False,REGULAR,USD
SNDK270319P01240000,2026-09-09 14:07:50+00:00,1240.0,123.0,118.9,124.2,-48.600006,-28.32168,2.0,54,0.7461496942901612,False,REGULAR,USD
SNDK270319P01250000,2026-09-09 17:02:51+00:00,1250.0,126.0,123.2,127.7,-7.869995,-5.8788342,3.0,123,0.7472025402069092,False,REGULAR,USD
SNDK270319P01260000,2026-08-31 17:33:14+00:00,1260.0,180.8,126.5,131.9,0.0,0.0,15.0,123,0.7476297820281982,False,REGULAR,USD
SNDK270319P01270000,2026-09-08 15:32:28+00:00,1270.0,142.96,130.0,134.7,0.0,0.0,1.0,143,0.7461573236083985,False,REGULAR,USD
SNDK270319P01280000,2026-09-09 19:53:31+00:00,1280.0,137.9,133.6,138.5,-6.100006,-4.2361155,3.0,494,0.7461344356536865,False,REGULAR,USD
SNDK270319P01290000,2026-09-08 18:32:25+00:00,1290.0,152.8,137.3,142.9,0.0,0.0,2.0,215,0.7469431433868409,False,REGULAR,USD
SNDK270319P01300000,2026-09-09 15:32:24+00:00,1300.0,151.8,141.0,146.7,-8.139999,-5.089408,14.0,549,0.7467447811126708,False,REGULAR,USD
SNDK270319P01310000,2026-09-02 14:20:12+00:00,1310.0,194.0,144.7,149.8,0.0,0.0,1.0,58,0.7454439823532105,False,REGULAR,USD
SNDK270319P01320000,2026-09-03 18:09:31+00:00,1320.0,187.4,144.5,158.3,0.0,0.0,1.0,22,0.7460581424713135,False,REGULAR,USD
SNDK270319P01330000,2026-09-03 18:52:40+00:00,1330.0,189.95,152.5,157.6,0.0,0.0,45.0,65,0.7451731415557862,False,REGULAR,USD
SNDK270319P01340000,2026-09-08 13:44:47+00:00,1340.0,171.15,156.4,161.6,0.0,0.0,1.0,113,0.7449633353042602,False,REGULAR,USD
SNDK270319P01350000,2026-09-09 18:46:22+00:00,1350.0,162.3,160.7,166.0,-17.699997,-9.833332,5.0,229,0.7456690472412109,False,REGULAR,USD
SNDK270319P01360000,2026-09-09 19:41:24+00:00,1360.0,166.4,164.4,169.7,-14.5,-8.015478,13.0,78,0.744528464164734,False,REGULAR,USD
SNDK270319P01370000,2026-09-09 19:43:35+00:00,1370.0,173.85,168.5,173.8,-13.649994,-7.279997,20.0,54,0.7443033992767334,False,REGULAR,USD
SNDK270319P01380000,2026-09-03 18:11:48+00:00,1380.0,216.3,172.6,177.8,0.0,0.0,1.0,62,0.7438227522277832,False,REGULAR,USD
SNDK270319P01390000,2026-09-03 19:21:44+00:00,1390.0,224.8,176.8,182.6,0.0,0.0,72.0,124,0.7443529898452759,False,REGULAR,USD
SNDK270319P01400000,2026-09-09 14:07:05+00:00,1400.0,183.0,180.5,186.5,-11.830002,-6.0719614,3.0,209,0.7429911565399169,False,REGULAR,USD
SNDK270319P01410000,2026-09-04 19:49:41+00:00,1410.0,205.9,185.4,191.2,0.0,0.0,2.0,89,0.7440058558654785,False,REGULAR,USD
SNDK270319P01420000,2026-09-09 14:10:22+00:00,1420.0,193.0,190.3,195.6,-10.059998,-4.9542,1.0,112,0.7445017615509034,False,REGULAR,USD
SNDK270319P01430000,2026-09-08 18:58:01+00:00,1430.0,207.39,194.7,199.6,0.0,0.0,6.0,61,0.7437731616592407,False,REGULAR,USD
SNDK270319P01440000,2026-09-09 14:51:48+00:00,1440.0,208.11,197.0,208.1,-50.789993,-19.61761,1.0,42,0.7458254482650757,False,REGULAR,USD
SNDK270319P01450000,2026-09-08 18:58:35+00:00,1450.0,216.9,203.5,209.0,0.0,0.0,43.0,77,0.7436549072265625,False,REGULAR,USD
SNDK270319P01460000,2026-09-08 18:56:23+00:00,1460.0,221.03,206.4,217.7,0.0,0.0,5.0,55,0.7463862031555177,False,REGULAR,USD
SNDK270319P01470000,2026-09-09 14:51:48+00:00,1470.0,221.75,211.0,221.9,-4.25,-1.880531,1.0,28,0.7456537886047363,False,REGULAR,USD
SNDK270319P01480000,2026-09-04 19:36:06+00:00,1480.0,240.61,215.6,223.2,0.0,0.0,18.0,55,0.7414271463012695,False,REGULAR,USD
SNDK270319P01490000,2026-09-09 19:41:13+00:00,1490.0,226.55,220.0,227.4,-10.160004,-4.2921734,14.0,110,0.7402789339065551,False,REGULAR,USD
SNDK270319P01500000,2026-09-09 19:16:18+00:00,1500.0,231.8,225.1,232.2,-13.5,-5.503465,4.0,378,0.7405307014083862,False,REGULAR,USD
SNDK270319P01510000,2026-09-08 13:32:10+00:00,1510.0,240.0,231.1,237.7,0.0,0.0,1.0,50,0.7424990655136108,False,REGULAR,USD
SNDK270319P01520000,2026-09-01 13:48:36+00:00,1520.0,303.3,236.2,241.8,0.0,0.0,1.0,35,0.7417132457351684,False,REGULAR,USD
SNDK270319P01530000,2026-09-03 18:11:03+00:00,1530.0,295.0,241.2,246.5,0.0,0.0,1.0,40,0.7413928143692017,False,REGULAR,USD
SNDK270319P01540000,2026-09-09 19:22:26+00:00,1540.0,249.7,246.4,251.2,-66.90001,-21.130768,21.0,123,0.741190637435913,False,REGULAR,USD
SNDK270319P01550000,2026-09-09 15:14:24+00:00,1550.0,264.92,250.7,256.8,-2.8799744,-1.0754199,1.0,127,0.7408854647064207,False,REGULAR,USD
SNDK270319P01560000,2026-09-04 15:31:57+00:00,1560.0,279.7,254.6,266.3,0.0,0.0,3.0,16,0.7443568045043946,False,REGULAR,USD
SNDK270319P01570000,2026-09-08 18:10:21+00:00,1570.0,278.6,260.8,266.7,0.0,0.0,1.0,46,0.740191196746826,False,REGULAR,USD
SNDK270319P01580000,2026-09-09 16:31:39+00:00,1580.0,278.0,266.3,272.1,-11.5,-3.972366,1.0,82,0.7406794731140136,False,REGULAR,USD
SNDK270319P01590000,2026-09-09 19:56:46+00:00,1590.0,275.2,271.3,277.0,-10.299988,-3.6077015,72.0,283,0.7399699465179441,False,REGULAR,USD
SNDK270319P01600000,2026-09-09 14:09:29+00:00,1600.0,280.1,276.3,282.6,-10.5,-3.613214,2.0,54,0.7399241706085203,False,REGULAR,USD
SNDK270319P01610000,2026-09-08 18:39:22+00:00,1610.0,295.8,281.5,289.0,0.0,0.0,30.0,118,0.7408625767517087,False,REGULAR,USD
SNDK270319P01620000,2026-09-08 18:39:21+00:00,1620.0,301.5,286.7,293.2,0.0,0.0,212.0,220,0.7393290837860106,False,REGULAR,USD
SNDK270319P01630000,2026-09-08 18:39:21+00:00,1630.0,306.4,292.0,298.9,0.0,0.0,2.0,86,0.7394206356048583,False,REGULAR,USD
SNDK270319P01640000,2026-09-08 18:39:21+00:00,1640.0,312.1,295.7,308.3,0.0,0.0,1.0,16,0.7416483965301514,False,REGULAR,USD
SNDK270319P01650000,2026-09-08 14:03:22+00:00,1650.0,313.55,302.1,313.8,0.0,0.0,1.0,26,0.7424914361953736,False,REGULAR,USD
SNDK270319P01660000,2026-08-25 16:36:16+00:00,1660.0,440.5,306.6,319.3,0.0,0.0,40.0,44,0.7412325986862182,False,REGULAR,USD
SNDK270319P01670000,2026-09-04 17:56:24+00:00,1670.0,343.5,313.2,322.3,0.0,0.0,4.0,25,0.7394702261734007,False,REGULAR,USD
SNDK270319P01680000,2026-09-09 14:59:11+00:00,1680.0,329.3,319.3,326.8,-124.20001,-27.386992,6.0,15,0.7386767770767211,False,REGULAR,USD
SNDK270319P01690000,2026-09-08 16:41:07+00:00,1690.0,343.87,323.3,336.1,0.0,0.0,1.0,21,0.7406069945907592,False,REGULAR,USD
SNDK270319P01700000,2026-09-09 19:19:58+00:00,1700.0,337.4,330.5,337.6,-7.110016,-2.0638053,55.0,166,0.7376658924102782,False,REGULAR,USD
SNDK270319P01710000,2026-08-26 15:12:47+00:00,1710.0,473.8,334.1,347.5,0.0,0.0,1.0,28,0.7396151832199096,False,REGULAR,USD
SNDK270319P01720000,2026-09-08 14:06:58+00:00,1720.0,355.95,341.1,349.1,0.0,0.0,1.0,57,0.736418498878479,False,REGULAR,USD
SNDK270319P01730000,2026-09-08 18:46:23+00:00,1730.0,358.5,345.7,359.1,0.0,0.0,2.0,15,0.739313825149536,False,REGULAR,USD
SNDK270319P01740000,2026-09-09 14:36:07+00:00,1740.0,365.3,352.1,363.5,0.6699829,0.18374322,13.0,14,0.7382152033233643,False,REGULAR,USD
SNDK270319P01750000,2026-09-08 14:04:10+00:00,1750.0,369.55,357.7,368.2,0.0,0.0,1.0,44,0.7365329386520386,False,REGULAR,USD
SNDK270319P01760000,2026-08-25 15:49:47+00:00,1760.0,505.3,363.2,376.5,0.0,0.0,11.0,27,0.7383334577560423,False,REGULAR,USD
SNDK270319P01770000,2026-08-25 19:17:13+00:00,1770.0,523.61,369.2,382.9,0.0,0.0,3.0,7,0.7386195571899413,True,REGULAR,USD
SNDK270319P01780000,2026-09-04 18:11:11+00:00,1780.0,411.1,375.6,388.5,0.0,0.0,4.0,38,0.7384173802566527,True,REGULAR,USD
SNDK270319P01790000,2026-09-08 15:06:26+00:00,1790.0,400.2,381.5,394.8,0.0,0.0,1.0,26,0.7383410870742797,True,REGULAR,USD
SNDK270319P01800000,2026-09-09 19:12:05+00:00,1800.0,399.2,389.7,396.7,-10.599976,-2.5866218,3.0,119,0.7360713648986816,True,REGULAR,USD
SNDK270319P01810000,2026-09-09 14:09:14+00:00,1810.0,399.0,393.8,406.3,-151.40002,-27.507269,1.0,7,0.737341646385193,True,REGULAR,USD
SNDK270319P01820000,2026-08-25 16:51:01+00:00,1820.0,554.8,399.9,412.9,0.0,0.0,1.0,22,0.7375285646820068,True,REGULAR,USD
SNDK270319P01830000,2026-09-08 18:46:23+00:00,1830.0,417.6,406.2,419.1,0.0,0.0,2.0,16,0.7374408275222779,True,REGULAR,USD
SNDK270319P01840000,2026-08-27 17:47:35+00:00,1840.0,566.01,412.5,425.6,0.0,0.0,2.0,5,0.737570525932312,True,REGULAR,USD
SNDK270319P01850000,2026-09-09 14:06:55+00:00,1850.0,420.0,420.6,427.8,-26.600006,-5.956114,1.0,80,0.7351367734146117,True,REGULAR,USD
SNDK270319P01860000,2026-06-08 19:02:52+00:00,1860.0,724.42,721.8,736.1,0.0,0.0,2.0,4,1.3492426031684874,True,REGULAR,USD
SNDK270319P01870000,2026-08-28 19:03:22+00:00,1870.0,567.5,432.4,441.1,0.0,0.0,6.0,39,0.7345378719329834,True,REGULAR,USD
SNDK270319P01880000,2026-08-27 16:15:57+00:00,1880.0,593.47,439.0,447.5,0.0,0.0,4.0,38,0.7345722038650513,True,REGULAR,USD
SNDK270319P01890000,2026-09-08 14:44:40+00:00,1890.0,456.7,445.9,453.6,0.0,0.0,1.0,89,0.7345340572738648,True,REGULAR,USD
SNDK270319P01900000,2026-09-08 18:43:55+00:00,1900.0,464.6,452.4,460.1,0.0,0.0,26.0,196,0.7344234321594239,True,REGULAR,USD
SNDK270319P01910000,2026-08-27 16:18:20+00:00,1910.0,616.85,458.8,466.6,0.0,0.0,4.0,29,0.7341411473846434,True,REGULAR,USD
SNDK270319P01920000,2026-08-27 16:16:59+00:00,1920.0,624.46,464.5,473.4,0.0,0.0,130.0,124,0.7333972888565063,True,REGULAR,USD
SNDK270319P01930000,2026-07-29 14:02:50+00:00,1930.0,1027.08,491.6,502.1,0.0,0.0,2.0,111,0.7752517287063599,True,REGULAR,USD
SNDK270319P01940000,2026-08-12 15:33:19+00:00,1940.0,758.11,475.5,486.7,0.0,0.0,2.0,67,0.7310131269073487,True,REGULAR,USD
SNDK270319P01950000,2026-08-27 17:48:34+00:00,1950.0,648.5,482.0,493.4,0.0,0.0,2.0,77,0.7307537300872802,True,REGULAR,USD
SNDK270319P01960000,2026-08-12 15:47:34+00:00,1960.0,776.25,490.8,500.1,0.0,0.0,2.0,47,0.7326839476013183,True,REGULAR,USD
SNDK270319P01970000,2026-08-26 14:06:48+00:00,1970.0,676.9,497.5,506.5,0.0,0.0,3.0,81,0.7321880419158934,True,REGULAR,USD
SNDK270319P01980000,2026-09-08 14:11:08+00:00,1980.0,521.7,503.5,514.4,0.0,0.0,1.0,11,0.7324092921447753,True,REGULAR,USD
SNDK270319P01990000,2026-09-04 18:16:07+00:00,1990.0,549.1,512.1,519.6,0.0,0.0,1.0,44,0.7324703266906738,True,REGULAR,USD
SNDK270319P02000000,2026-09-08 14:40:56+00:00,2000.0,533.0,518.6,526.8,0.0,0.0,100.0,164,0.7323635162353515,True,REGULAR,USD
SNDK270319P02010000,2026-09-09 15:17:38+00:00,2010.0,535.9,525.4,533.7,-135.5,-20.18171,1.0,62,0.7321956712341307,True,REGULAR,USD
SNDK270319P02020000,2026-09-09 15:17:38+00:00,2020.0,542.8,532.2,540.4,-173.20001,-24.189947,1.0,32,0.7317646147537231,True,REGULAR,USD
SNDK270319P02030000,2026-07-31 15:18:08+00:00,2030.0,988.0,559.2,571.2,0.0,0.0,5.0,38,0.7746719005203249,True,REGULAR,USD
SNDK270319P02040000,2026-07-27 15:00:54+00:00,2040.0,996.4,565.9,578.0,0.0,0.0,1.0,35,0.7741111456298828,True,REGULAR,USD
SNDK270319P02050000,2026-07-16 18:52:25+00:00,2050.0,955.8,725.7,739.0,0.0,0.0,2.0,68,1.0767410665130617,True,REGULAR,USD
SNDK270319P02060000,2026-06-25 15:27:57+00:00,2060.0,678.68,734.4,746.9,0.0,0.0,4.0,30,1.0789154330825805,True,REGULAR,USD
SNDK270319P02070000,2026-07-16 18:53:29+00:00,2070.0,973.55,740.9,754.8,0.0,0.0,2.0,146,1.0788543982315064,True,REGULAR,USD
SNDK270319P02080000,2026-09-01 14:16:26+00:00,2080.0,688.83,573.2,582.4,0.0,0.0,2.0,67,0.7298267679214476,True,REGULAR,USD
SNDK270319P02090000,2026-08-04 19:01:35+00:00,2090.0,942.6,602.0,613.5,0.0,0.0,3.0,89,0.7744468356323243,True,REGULAR,USD
SNDK270319P02100000,2026-08-28 15:56:53+00:00,2100.0,750.64,588.1,596.9,0.0,0.0,1.0,71,0.7303913374710084,True,REGULAR,USD
SNDK270319P02110000,2026-06-25 15:28:16+00:00,2110.0,710.91,773.4,786.6,0.0,0.0,2.0,3,1.0848472576713561,True,REGULAR,USD
SNDK270319P02120000,2026-06-22 19:10:13+00:00,2120.0,687.57,898.2,912.5,0.0,0.0,4.0,5,1.3221393146133422,True,REGULAR,USD
SNDK270319P02130000,2026-06-26 17:57:56+00:00,2130.0,734.78,789.4,802.7,0.0,0.0,2.0,3,1.0875404204750063,True,REGULAR,USD
SNDK270319P02140000,2026-07-24 14:10:42+00:00,2140.0,965.18,796.9,811.2,0.0,0.0,4.0,31,1.088776376209259,True,REGULAR,USD
SNDK270319P02150000,2026-08-17 14:46:44+00:00,2150.0,707.39,624.0,633.1,0.0,0.0,3.0,57,0.7294071554183961,True,REGULAR,USD
SNDK270319P02160000,2026-08-28 17:25:38+00:00,2160.0,798.0,630.7,641.2,0.0,0.0,2.0,3,0.7294109700775147,True,REGULAR,USD
SNDK270319P02170000,2026-08-25 15:21:36+00:00,2170.0,816.2,638.6,647.8,0.0,0.0,2.0,105,0.7290638360977173,True,REGULAR,USD
SNDK270319P02180000,2026-08-28 17:25:37+00:00,2180.0,814.6,644.9,655.9,0.0,0.0,1.0,20,0.7285641157531739,True,REGULAR,USD
SNDK270319P02190000,2026-09-02 13:30:54+00:00,2190.0,776.0,652.3,663.3,0.0,0.0,1.0,10,0.7284000854110717,True,REGULAR,USD
SNDK270319P02200000,2026-09-09 17:23:02+00:00,2200.0,662.2,658.6,673.5,-231.20001,-25.878668,1.0,10,0.7298687291717528,True,REGULAR,USD
SNDK270319P02210000,2026-09-04 15:05:22+00:00,2210.0,707.5,667.7,678.1,0.0,0.0,1.0,9,0.728506895866394,True,REGULAR,USD
SNDK270319P02220000,2026-08-06 15:13:36+00:00,2220.0,1066.19,673.4,685.6,0.0,0.0,2.0,22,0.7265919369888305,True,REGULAR,USD
SNDK270319P02230000,2026-07-08 15:33:31+00:00,2230.0,1005.66,870.4,884.7,0.0,0.0,2.0,19,1.1011054161262512,True,REGULAR,USD
SNDK270319P02240000,2026-08-17 14:51:48+00:00,2240.0,763.8,688.5,700.6,0.0,0.0,2.0,2,0.7262715056228637,True,REGULAR,USD
SNDK270319P02250000,2026-09-01 13:46:59+00:00,2250.0,826.5,698.1,708.0,0.0,0.0,1.0,90,0.7279804729080201,True,REGULAR,USD
SNDK270319P02260000,2026-08-31 13:30:39+00:00,2260.0,860.0,704.7,715.7,0.0,0.0,1.0,7,0.7269428856277467,True,REGULAR,USD
SNDK270319P02270000,2026-09-08 14:13:10+00:00,2270.0,728.2,712.5,723.3,0.0,0.0,1.0,11,0.726950514945984,True,REGULAR,USD
SNDK270319P02280000,2026-09-01 14:34:16+00:00,2280.0,845.0,717.3,730.4,0.0,0.0,1.0,89,0.7233914379882812,True,REGULAR,USD
SNDK270319P02290000,2026-06-26 17:56:07+00:00,2290.0,837.86,921.0,934.1,0.0,0.0,2.0,24,1.1096426659202574,True,REGULAR,USD
SNDK270319P02300000,2026-09-09 13:45:23+00:00,2300.0,765.0,735.8,746.7,-302.84998,-28.360723,12.0,57,0.7271793944931029,True,REGULAR,USD
SNDK270319P02310000,2026-08-04 19:26:24+00:00,2310.0,1123.3,765.3,777.8,0.0,0.0,3.0,28,0.7723907343673706,True,REGULAR,USD
SNDK270319P02320000,2026-08-06 15:13:58+00:00,2320.0,1150.52,750.9,761.7,0.0,0.0,2.0,18,0.7260349967575073,True,REGULAR,USD
SNDK270319P02330000,2026-08-04 19:03:17+00:00,2330.0,1134.4,781.7,793.4,0.0,0.0,3.0,29,0.7732337740325927,True,REGULAR,USD
SNDK270319P02340000,2026-07-21 18:56:27+00:00,2340.0,1114.29,963.6,976.2,0.0,0.0,4.0,43,1.117169025993347,True,REGULAR,USD
SNDK270319P02350000,2026-07-13 15:57:10+00:00,2350.0,1039.28,972.0,984.6,0.0,0.0,40.0,36,1.1184393138313293,True,REGULAR,USD
SNDK270319P02360000,2026-07-13 15:56:16+00:00,2360.0,1045.0,979.3,993.1,0.0,0.0,10.0,6,1.1186987119483949,True,REGULAR,USD
SNDK270319P02370000,2026-06-23 15:20:28+00:00,2370.0,962.24,1087.5,1101.9,0.0,0.0,2.0,23,1.3172679705619812,True,REGULAR,USD
SNDK270319P02380000,2026-09-01 13:34:29+00:00,2380.0,930.0,796.5,808.9,0.0,0.0,1.0,28,0.7239483782196044,True,REGULAR,USD
SNDK270319P02390000,2026-08-24 19:33:43+00:00,2390.0,1012.47,805.9,816.1,0.0,0.0,20.0,120,0.7245930556106567,True,REGULAR,USD
SNDK270319P02400000,2026-08-04 19:26:24+00:00,2400.0,1196.5,836.0,848.6,0.0,0.0,3.0,71,0.7722686652755737,True,REGULAR,USD
SNDK270319P02410000,2026-09-09 14:37:45+00:00,2410.0,831.0,821.7,834.2,-354.5,-29.902994,5.0,20,0.7264813118743896,True,REGULAR,USD
SNDK270319P02420000,2026-07-31 14:15:07+00:00,2420.0,1332.0,850.1,864.4,0.0,0.0,1.0,6,0.770182046737671,True,REGULAR,USD
SNDK270319P02430000,2026-09-08 14:11:08+00:00,2430.0,854.4,837.9,848.1,0.0,0.0,1.0,2,0.7242611802673338,True,REGULAR,USD
SNDK270319P02440000,2026-06-29 13:58:20+00:00,2440.0,1020.67,1047.8,1061.6,0.0,0.0,2.0,11,1.1300702676391605,True,REGULAR,USD
SNDK270319P02450000,2026-08-04 19:26:23+00:00,2450.0,1237.5,875.8,888.5,0.0,0.0,6.0,9,0.7717880182266237,True,REGULAR,USD
SNDK270319P02460000,2026-06-30 16:10:53+00:00,2460.0,940.0,1064.0,1080.1,0.0,0.0,1.0,31,1.133064790019989,True,REGULAR,USD
SNDK270319P02470000,2026-08-04 19:26:23+00:00,2470.0,1254.6,894.0,904.7,0.0,0.0,3.0,5,0.7738975247192383,True,REGULAR,USD
SNDK270319P02480000,2026-06-29 17:26:00+00:00,2480.0,1032.53,1081.0,1098.0,0.0,0.0,4.0,7,1.136143235321045,True,REGULAR,USD
SNDK270319P02490000,2026-07-14 14:32:20+00:00,2490.0,1137.75,1090.6,1106.1,0.0,0.0,2.0,6,1.1378865432548522,True,REGULAR,USD
SNDK270319P02500000,2026-09-08 14:38:35+00:00,2500.0,907.51,893.9,904.9,0.0,0.0,10.0,91,0.7227772778701782,True,REGULAR,USD
SNDK270319P02510000,2026-08-31 13:37:05+00:00,2510.0,1072.0,902.6,913.1,0.0,0.0,1.0,11,0.7232274076461792,True,REGULAR,USD
SNDK270319P02520000,2026-06-03 18:53:32+00:00,2520.0,1121.11,0.0,0.0,0.0,0.0,,0,1.0000000000000003e-05,True,REGULAR,USD
SNDK270319P02530000,2026-06-12 16:16:53+00:00,2530.0,1097.6,1224.1,1238.4,0.0,0.0,,1,1.335956079025268,True,REGULAR,USD
SNDK270319P02540000,2026-06-17 16:34:13+00:00,2540.0,1076.1,1221.6,1235.9,0.0,0.0,,1,1.3151889709472653,True,REGULAR,USD
SNDK270319P02550000,2026-07-31 14:12:58+00:00,2550.0,1448.0,957.5,970.1,0.0,0.0,1.0,35,0.7717880182266237,True,REGULAR,USD
SNDK270319P02560000,2026-06-25 15:33:25+00:00,2560.0,1007.84,1152.7,1167.3,0.0,0.0,70.0,42,1.1487621907806396,True,REGULAR,USD
SNDK270319P02570000,2026-08-04 19:17:36+00:00,2570.0,1332.26,974.0,986.7,0.0,0.0,1.0,237,0.771784203567505,True,REGULAR,USD
SNDK270319P02580000,2026-06-25 15:33:42+00:00,2580.0,1021.9,1168.7,1185.0,0.0,0.0,98.0,156,1.150143104286194,True,REGULAR,USD
SNDK270319P02590000,2026-06-26 14:17:05+00:00,2590.0,1021.32,1179.1,1193.8,0.0,0.0,2.0,2,1.1530994798851013,True,REGULAR,USD
SNDK270319P02600000,2026-09-08 14:11:08+00:00,2600.0,992.4,976.2,987.2,0.0,0.0,1.0,42,0.7206830300140381,True,REGULAR,USD
SNDK270319P02610000,2026-06-25 14:53:49+00:00,2610.0,1050.83,1196.5,1211.5,0.0,0.0,2.0,16,1.155708719768524,True,REGULAR,USD
SNDK270319P02620000,2026-06-09 18:30:57+00:00,2620.0,1295.06,1296.7,1311.1,0.0,0.0,,10,1.3356318313789364,True,REGULAR,USD
SNDK270319P02630000,2026-07-27 14:25:44+00:00,2630.0,1483.3,1022.4,1036.7,0.0,0.0,2.0,3,0.7698997619628907,True,REGULAR,USD
SNDK270319P02640000,2026-06-26 14:02:54+00:00,2640.0,1062.4,1222.0,1238.1,0.0,0.0,2.0,7,1.1589016054153443,True,REGULAR,USD
SNDK270319P02650000,2026-06-26 17:53:34+00:00,2650.0,1086.48,1230.7,1247.0,0.0,0.0,3.0,5,1.1601528198623658,True,REGULAR,USD
SNDK270319P02660000,2026-06-25 14:55:09+00:00,2660.0,1081.17,1240.3,1255.9,0.0,0.0,16.0,7,1.1622585222244264,True,REGULAR,USD
SNDK270319P02670000,2026-07-24 14:31:00+00:00,2670.0,1408.03,1248.9,1264.9,0.0,0.0,4.0,2,1.163463960533142,True,REGULAR,USD
SNDK270319P02680000,2026-07-20 13:30:33+00:00,2680.0,1478.0,1258.0,1274.4,0.0,0.0,1.0,3,1.165623068389893,True,REGULAR,USD
SNDK270319P02690000,2026-07-14 14:14:10+00:00,2690.0,1294.71,1268.0,1282.7,0.0,0.0,2.0,113,1.167469372634888,True,REGULAR,USD
SNDK270319P02700000,2026-07-20 13:30:43+00:00,2700.0,1496.0,1276.3,1291.7,0.0,0.0,1.0,47,1.1683124165153504,True,REGULAR,USD
SNDK270319P02710000,2026-07-27 14:25:27+00:00,2710.0,1550.8,1093.1,1104.4,0.0,0.0,2.0,13,0.7731956274414062,True,REGULAR,USD
SNDK270319P02720000,2026-07-14 13:54:20+00:00,2720.0,1291.56,1294.0,1309.7,0.0,0.0,2.0,9,1.1710132086753846,True,REGULAR,USD
SNDK270319P02730000,2026-07-14 13:54:42+00:00,2730.0,1301.68,1303.1,1318.7,0.0,0.0,2.0,88,1.1725772267341612,True,REGULAR,USD
SNDK270319P02740000,2026-06-25 15:30:11+00:00,2740.0,1138.04,1313.5,1327.7,0.0,0.0,4.0,2,1.1754000885963438,True,REGULAR,USD
SNDK270319P02750000,2026-07-07 16:55:15+00:00,2750.0,1439.92,1321.2,1336.7,0.0,0.0,2.0,10,1.1755488610458371,True,REGULAR,USD
SNDK270319P02760000,2026-07-31 13:36:13+00:00,2760.0,1516.0,1132.9,1147.2,0.0,0.0,1.0,10,0.7698463567352295,True,REGULAR,USD
SNDK270319P02770000,2026-07-07 16:55:53+00:00,2770.0,1459.03,1339.2,1354.8,0.0,0.0,2.0,2,1.178432757759094,True,REGULAR,USD
SNDK270319P02780000,2026-09-04 16:42:40+00:00,2780.0,1173.6,1127.1,1139.6,0.0,0.0,5.0,10,0.7144994675827027,True,REGULAR,USD
SNDK270319P02790000,2026-06-26 14:01:38+00:00,2790.0,1169.57,1357.2,1372.9,0.0,0.0,3.0,4,1.1812403609085083,True,REGULAR,USD
SNDK270319P02800000,2026-07-07 17:24:45+00:00,2800.0,1469.12,1366.4,1382.0,0.0,0.0,3.0,7,1.1828615991401672,True,REGULAR,USD
SNDK270319P02810000,2026-06-15 14:30:46+00:00,2810.0,1248.6,1455.6,1467.6,0.0,0.0,,6,1.3380541520309444,True,REGULAR,USD
SNDK270319P02820000,2026-06-25 14:43:44+00:00,2820.0,1212.12,1385.1,1400.2,0.0,0.0,,2,1.1863405856513976,True,REGULAR,USD
SNDK270319P02830000,2026-08-17 16:55:09+00:00,2830.0,1228.48,1170.0,1182.8,0.0,0.0,,2,0.7127218364334107,True,REGULAR,USD
SNDK270319P02840000,2026-08-17 16:56:26+00:00,2840.0,1236.77,1179.5,1191.7,0.0,0.0,,2,0.713694574508667,True,REGULAR,USD
SNDK270319P02860000,2026-08-17 16:54:29+00:00,2860.0,1254.83,1195.8,1209.1,0.0,0.0,2.0,5,0.7117490983581543,True,REGULAR,USD
SNDK270319P02880000,2026-08-17 16:54:36+00:00,2880.0,1270.75,1212.0,1226.4,0.0,0.0,2.0,4,0.7093801950454712,True,REGULAR,USD
SNDK270319P02900000,2026-08-24 19:33:43+00:00,2900.0,1466.47,1232.0,1244.1,0.0,0.0,20.0,43,0.7121191202926637,True,REGULAR,USD
SNDK270319P02940000,2026-06-26 13:49:01+00:00,2940.0,1313.63,1494.6,1510.1,0.0,0.0,14.0,7,1.2037050007820127,True,REGULAR,USD
SNDK270319P02960000,2026-06-24 13:30:01+00:00,2960.0,1410.2,1513.1,1528.5,0.0,0.0,1.0,17,1.206684264450073,True,REGULAR,USD
SNDK270319P02980000,2026-08-17 13:46:34+00:00,2980.0,1390.0,1303.7,1314.7,0.0,0.0,1.0,6,0.7112112314224244,True,REGULAR,USD
SNDK270319P03000000,2026-09-08 18:01:11+00:00,3000.0,1332.31,1322.1,1332.4,0.0,0.0,1.0,3,0.7113523738098146,True,REGULAR,USD
SNDK270319P03010000,2026-06-30 16:41:14+00:00,3010.0,1332.6,1559.7,1574.8,0.0,0.0,3.0,5,1.214492910709381,True,REGULAR,USD
SNDK270319P03020000,2026-06-16 19:52:32+00:00,3020.0,1455.14,1620.9,1633.7,0.0,0.0,,1,1.316276154232025,True,REGULAR,USD
SNDK270319P03030000,2026-07-07 17:23:10+00:00,3030.0,1663.55,1581.0,1593.4,0.0,0.0,,1,1.2202263720321656,True,REGULAR,USD
SNDK270319P03040000,2026-06-22 15:41:54+00:00,3040.0,1321.5,1636.4,1650.8,0.0,0.0,,3,1.3148303911972041,True,REGULAR,USD
SNDK270319P03050000,2026-06-17 14:03:44+00:00,3050.0,1489.75,1645.0,1659.3,0.0,0.0,,3,1.3148723526573178,True,REGULAR,USD
SNDK270319P03060000,2026-07-10 14:32:57+00:00,3060.0,1532.0,1606.0,1621.3,0.0,0.0,1.0,9,1.221809463481903,True,REGULAR,USD
SNDK270319P03070000,2026-08-17 14:31:00+00:00,3070.0,1446.0,1382.8,1394.9,0.0,0.0,1.0,143,0.706606937866211,True,REGULAR,USD
SNDK270319P03080000,2026-06-30 16:41:07+00:00,3080.0,1386.6,1624.9,1639.9,0.0,0.0,1.0,58,1.2250061638069152,True,REGULAR,USD
SNDK270319P03090000,2026-07-24 13:44:50+00:00,3090.0,1732.0,1634.0,1649.9,0.0,0.0,1.0,5,1.2269325762939454,True,REGULAR,USD
SNDK270319P03100000,2026-07-15 17:23:10+00:00,3100.0,1735.8,1643.4,1658.6,0.0,0.0,8.0,5,1.2278480990600587,True,REGULAR,USD
SNDK270319P03110000,2026-06-26 17:59:22+00:00,3110.0,1438.15,1652.9,1668.0,0.0,0.0,2.0,6,1.2295456308555601,True,REGULAR,USD
SNDK270319P03120000,2026-06-22 15:42:03+00:00,3120.0,1382.5,1705.2,1719.5,0.0,0.0,8.0,7,1.315425480995178,True,REGULAR,USD
SNDK270319P03130000,2026-07-07 19:27:42+00:00,3130.0,1778.62,1671.6,1686.7,0.0,0.0,2.0,4,1.2325020064544676,True,REGULAR,USD
SNDK270319P03140000,2026-08-17 13:49:58+00:00,3140.0,1522.0,1444.6,1457.9,0.0,0.0,1.0,6,0.7022963730621339,True,REGULAR,USD
SNDK270319P03150000,2026-08-17 14:32:02+00:00,3150.0,1512.0,1453.9,1467.0,0.0,0.0,2.0,3,0.7023650369262696,True,REGULAR,USD
SNDK270319P03160000,2026-06-25 16:55:21+00:00,3160.0,1425.46,1698.6,1714.9,0.0,0.0,4.0,11,1.235927587471008,True,REGULAR,USD
SNDK270319P03170000,2026-08-17 13:41:45+00:00,3170.0,1556.0,1474.2,1485.1,0.0,0.0,1.0,2,0.7047606428527833,True,REGULAR,USD
SNDK270319P03180000,2026-06-22 15:52:46+00:00,3180.0,1429.68,1757.1,1771.5,0.0,0.0,,2,1.3160091267585752,True,REGULAR,USD
SNDK270319P03190000,2026-08-18 19:55:38+00:00,3190.0,1662.98,1493.1,1503.2,0.0,0.0,1.0,16,0.7050276689910889,True,REGULAR,USD
SNDK270319P03200000,2026-06-22 15:44:33+00:00,3200.0,1443.93,1774.5,1788.8,0.0,0.0,7.0,3,1.3161578992080687,True,REGULAR,USD
SNDK270319P03210000,2026-06-22 15:10:26+00:00,3210.0,1430.6,1783.2,1797.5,0.0,0.0,1.0,1,1.3162570808410643,True,REGULAR,USD
SNDK270319P03220000,2026-06-22 15:09:44+00:00,3220.0,1441.0,1791.9,1806.2,0.0,0.0,,1,1.3163448184394835,True,REGULAR,USD
SNDK270319P03230000,2026-06-30 16:41:05+00:00,3230.0,1502.7,1765.6,1780.8,0.0,0.0,1.0,2,1.2475470972442628,True,REGULAR,USD
SNDK270319P03240000,2026-06-30 16:41:05+00:00,3240.0,1510.7,1774.7,1790.2,0.0,0.0,2.0,3,1.248668612632751,True,REGULAR,USD
SNDK270319P03250000,2026-06-29 19:10:48+00:00,3250.0,1613.0,1785.0,1799.7,0.0,0.0,1.0,2,1.251079489250183,True,REGULAR,USD
SNDK270319P03260000,2026-08-17 13:41:43+00:00,3260.0,1636.0,1553.9,1567.1,0.0,0.0,1.0,2,0.6977721873474123,True,REGULAR,USD
SNDK270319P03270000,2026-06-22 15:31:02+00:00,3270.0,1494.4,1835.6,1849.9,0.0,0.0,,3,1.3169742403411864,True,REGULAR,USD
SNDK270319P03290000,2026-07-29 19:55:08+00:00,3290.0,2307.4,1605.4,1619.8,0.0,0.0,,1,0.7692741578674318,True,REGULAR,USD
SNDK270319P03300000,2026-07-29 19:51:07+00:00,3300.0,2313.9,1614.6,1629.0,0.0,0.0,1.0,2,0.7693046751403809,True,REGULAR,USD
SNDK270319P03310000,2026-06-30 15:04:22+00:00,3310.0,1578.9,1841.8,1856.5,0.0,0.0,,1,1.2600821297836302,True,REGULAR,USD
SNDK270319P03320000,2026-06-25 15:29:58+00:00,3320.0,1582.28,1850.5,1866.0,0.0,0.0,,6,1.2607992892837523,True,REGULAR,USD
SNDK270319P03330000,2026-07-29 19:51:07+00:00,3330.0,2342.9,1642.3,1656.6,0.0,0.0,1.0,2,0.7693962269592287,True,REGULAR,USD
SNDK270319P03340000,2026-08-17 13:51:14+00:00,3340.0,1700.0,1626.8,1640.5,0.0,0.0,1.0,39,0.6931945964050292,True,REGULAR,USD
SNDK270319P03350000,2026-07-07 13:30:01+00:00,3350.0,1941.8,1879.9,1894.5,0.0,0.0,,1,1.2662085029602048,True,REGULAR,USD
SNDK270319P03360000,2026-07-10 14:04:40+00:00,3360.0,1780.05,1889.9,1904.0,0.0,0.0,4.0,2,1.2681921356201171,True,REGULAR,USD
SNDK270319P03370000,2026-08-18 13:41:47+00:00,3370.0,1764.0,1655.3,1668.2,0.0,0.0,1.0,2,0.6931717084503174,True,REGULAR,USD
SNDK270319P03380000,2026-08-19 16:44:08+00:00,3380.0,1860.92,1663.1,1677.5,0.0,0.0,2.0,2,0.6903488607025148,True,REGULAR,USD
SNDK270319P03390000,2026-08-17 14:32:02+00:00,3390.0,1724.0,1673.7,1686.7,0.0,0.0,1.0,1,0.6920654573059084,True,REGULAR,USD
SNDK270319P03400000,2026-07-30 19:06:02+00:00,3400.0,2182.4,1710.6,1721.3,0.0,0.0,2.0,2,0.7746070513153077,True,REGULAR,USD
SNDK270319P03410000,2026-06-30 16:41:15+00:00,3410.0,1644.6,1937.4,1951.4,0.0,0.0,1.0,2,1.2753103251266475,True,REGULAR,USD
SNDK270319P03420000,2026-08-17 13:52:10+00:00,3420.0,1764.0,1703.7,1714.6,0.0,0.0,1.0,10,0.6945831323242189,True,REGULAR,USD
SNDK270319P03430000,2026-08-17 14:10:24+00:00,3430.0,1772.0,1713.2,1723.8,0.0,0.0,1.0,8,0.6943580674362183,True,REGULAR,USD
SNDK270319P03440000,2026-07-24 14:31:00+00:00,3440.0,2086.82,1966.4,1980.4,0.0,0.0,2.0,6,1.280521175537109,True,REGULAR,USD
SNDK270319P03450000,2026-07-09 16:50:16+00:00,3450.0,1857.55,1976.2,1990.0,0.0,0.0,2.0,13,1.2823064449310302,True,REGULAR,USD
SNDK270319P03460000,2026-08-17 14:13:29+00:00,3460.0,1788.0,1741.1,1751.8,0.0,0.0,,1,0.6931564498138427,True,REGULAR,USD
SNDK270319P03470000,2026-07-22 19:47:34+00:00,3470.0,2037.92,1994.0,2009.8,0.0,0.0,2.0,2,1.2846257692718503,True,REGULAR,USD
SNDK270319P03480000,2026-06-29 17:26:00+00:00,3480.0,1821.39,2002.5,2018.7,0.0,0.0,2.0,3,1.2843472977638242,True,REGULAR,USD
SNDK270319P03490000,2026-07-29 19:22:08+00:00,3490.0,2459.7,1793.2,1805.2,0.0,0.0,1.0,4,0.7734016190338135,True,REGULAR,USD
SNDK270319P03500000,2026-07-30 19:06:02+00:00,3500.0,2277.1,1802.6,1814.2,0.0,0.0,3.0,21,0.7730048944854736,True,REGULAR,USD
SNDK270319P03510000,2026-07-30 15:17:33+00:00,3510.0,2322.8,1809.7,1823.9,0.0,0.0,1.0,4,0.7701210121917725,True,REGULAR,USD
SNDK270319P03520000,2026-08-17 14:29:57+00:00,3520.0,1848.0,1797.1,1807.8,0.0,0.0,1.0,7,0.6903412313842775,True,REGULAR,USD
SNDK270319P03530000,2026-07-29 17:34:07+00:00,3530.0,2501.3,1830.6,1842.5,0.0,0.0,5.0,21,0.7733711017608643,True,REGULAR,USD
